"","Gender","Married","Dependents","Education","Self_Employed","ApplicantIncome","CoapplicantIncome","LoanAmount","Loan_Amount_Term","Credit_History","Property_Area","Loan_Status"
"1","Male","No","0","Graduate","No",5849,0,136,360,"1","Urban","Y"
"2","Male","Yes","1","Graduate","No",4583,1508,128,360,"1","Rural","N"
"3","Male","Yes","0","Graduate","Yes",3000,0,66,360,"1","Urban","Y"
"4","Male","Yes","0","Not Graduate","No",2583,2358,120,360,"1","Urban","Y"
"5","Male","No","0","Graduate","No",6000,0,141,360,"1","Urban","Y"
"6","Male","Yes","2","Graduate","Yes",5417,4196,267,360,"1","Urban","Y"
"7","Male","Yes","0","Not Graduate","No",2333,1516,95,360,"1","Urban","Y"
"8","Male","Yes","3+","Graduate","No",3036,2504,158,360,"0","Semiurban","N"
"9","Male","Yes","2","Graduate","No",4006,1526,168,360,"1","Urban","Y"
"10","Male","Yes","1","Graduate","No",12841,10968,349,360,"1","Semiurban","N"
"11","Male","Yes","2","Graduate","No",3200,700,70,360,"1","Urban","Y"
"12","Male","Yes","2","Graduate","No",2500,1840,109,360,"1","Urban","Y"
"13","Male","Yes","2","Graduate","No",3073,8106,200,360,"1","Urban","Y"
"14","Male","No","0","Graduate","No",1853,2840,114,360,"1","Rural","N"
"15","Male","Yes","2","Graduate","No",1299,1086,17,120,"1","Urban","Y"
"16","Male","No","0","Graduate","No",4950,0,125,360,"1","Urban","Y"
"17","Male","No","1","Not Graduate","No",3596,0,100,240,"1","Urban","Y"
"18","Female","No","0","Graduate","No",3510,0,76,360,"0","Urban","N"
"19","Male","Yes","0","Not Graduate","No",4887,0,133,360,"1","Rural","N"
"21","Male","Yes","0","Not Graduate","No",7660,0,104,360,"0","Urban","N"
"22","Male","Yes","1","Graduate","No",5955,5625,315,360,"1","Urban","Y"
"23","Male","Yes","0","Not Graduate","No",2600,1911,116,360,"0","Semiurban","N"
"24","Male","Yes","2","Not Graduate","No",3365,1917,112,360,"0","Rural","N"
"25","Male","Yes","1","Graduate","No",3717,2925,151,360,"1","Semiurban","N"
"26","Male","Yes","0","Graduate","Yes",9560,0,191,360,"1","Semiurban","Y"
"27","Male","Yes","0","Graduate","No",2799,2253,122,360,"1","Semiurban","Y"
"28","Male","Yes","2","Not Graduate","No",4226,1040,110,360,"1","Urban","Y"
"29","Male","No","0","Not Graduate","No",1442,0,35,360,"1","Urban","N"
"30","Female","No","2","Graduate","No",3750,2083,120,360,"1","Semiurban","Y"
"31","Male","Yes","1","Graduate","No",4166,3369,201,360,"1","Urban","N"
"32","Male","No","0","Graduate","No",3167,0,74,360,"1","Urban","N"
"33","Male","No","1","Graduate","Yes",4692,0,106,360,"1","Rural","N"
"34","Male","Yes","0","Graduate","No",3500,1667,114,360,"1","Semiurban","Y"
"35","Male","No","3+","Graduate","No",12500,3000,320,360,"1","Rural","N"
"36","Male","Yes","0","Graduate","No",2275,2067,100,360,"1","Urban","Y"
"38","Female","Yes","0","Graduate","No",3667,1459,144,360,"1","Semiurban","Y"
"39","Male","No","0","Graduate","No",4166,7210,184,360,"1","Urban","Y"
"40","Male","No","0","Not Graduate","No",3748,1668,110,360,"1","Semiurban","Y"
"41","Male","No","0","Graduate","No",3600,0,80,360,"1","Urban","N"
"42","Male","No","0","Graduate","No",1800,1213,47,360,"1","Urban","Y"
"43","Male","Yes","0","Graduate","No",2400,0,75,360,"1","Urban","Y"
"44","Male","Yes","0","Graduate","No",3941,2336,134,360,"1","Semiurban","Y"
"47","Male","Yes","1","Graduate","No",5649,0,44,360,"1","Urban","Y"
"48","Male","Yes","0","Graduate","No",5821,0,144,360,"1","Urban","Y"
"49","Female","Yes","0","Graduate","No",2645,3440,120,360,"0","Urban","N"
"50","Female","No","0","Graduate","No",4000,2275,144,360,"1","Semiurban","Y"
"51","Female","Yes","0","Not Graduate","No",1928,1644,100,360,"1","Semiurban","Y"
"52","Female","No","0","Graduate","No",3086,0,120,360,"1","Semiurban","Y"
"53","Female","No","0","Graduate","No",4230,0,112,360,"1","Semiurban","N"
"54","Male","Yes","2","Graduate","No",4616,0,134,360,"1","Urban","N"
"55","Female","Yes","1","Graduate","Yes",11500,0,286,360,"0","Urban","N"
"56","Male","Yes","2","Graduate","No",2708,1167,97,360,"1","Semiurban","Y"
"57","Male","Yes","0","Graduate","No",2132,1591,96,360,"1","Semiurban","Y"
"58","Male","Yes","0","Graduate","No",3366,2200,135,360,"1","Rural","N"
"59","Male","Yes","1","Graduate","No",8080,2250,180,360,"1","Urban","Y"
"60","Male","Yes","2","Not Graduate","No",3357,2859,144,360,"1","Urban","Y"
"61","Male","Yes","0","Graduate","No",2500,3796,120,360,"1","Urban","Y"
"62","Male","Yes","3+","Graduate","No",3029,0,99,360,"1","Urban","Y"
"63","Male","Yes","0","Not Graduate","Yes",2609,3449,165,180,"0","Rural","N"
"64","Male","Yes","1","Graduate","No",4945,0,125,360,"0","Rural","N"
"65","Female","No","0","Graduate","No",4166,0,116,360,"0","Semiurban","N"
"66","Male","Yes","0","Graduate","No",5726,4595,258,360,"1","Semiurban","N"
"67","Male","No","0","Not Graduate","No",3200,2254,126,180,"0","Urban","N"
"68","Male","Yes","1","Graduate","No",10750,0,312,360,"1","Urban","Y"
"69","Male","Yes","3+","Not Graduate","Yes",7100,0,125,60,"1","Urban","Y"
"70","Female","No","0","Graduate","No",4300,0,136,360,"0","Semiurban","N"
"71","Male","Yes","0","Graduate","No",3208,3066,172,360,"1","Urban","Y"
"72","Male","Yes","2","Not Graduate","Yes",1875,1875,97,360,"1","Semiurban","Y"
"73","Male","No","0","Graduate","No",3500,0,81,300,"1","Semiurban","Y"
"75","Male","Yes","3+","Graduate","Yes",5266,1774,187,360,"1","Semiurban","Y"
"76","Male","No","0","Graduate","No",3750,0,113,480,"1","Urban","N"
"77","Male","No","0","Graduate","No",3750,4750,176,360,"1","Urban","N"
"78","Male","Yes","1","Graduate","Yes",1000,3022,110,360,"1","Urban","N"
"79","Male","Yes","3+","Graduate","No",3167,4000,180,300,"0","Semiurban","N"
"80","Male","Yes","3+","Not Graduate","Yes",3333,2166,130,360,"1","Semiurban","Y"
"81","Female","No","0","Graduate","No",3846,0,111,360,"1","Semiurban","Y"
"82","Male","Yes","1","Graduate","Yes",2395,0,96,360,"1","Semiurban","Y"
"83","Female","Yes","2","Graduate","No",1378,1881,167,360,"1","Urban","N"
"84","Male","Yes","0","Graduate","No",6000,2250,265,360,"1","Semiurban","N"
"85","Male","Yes","1","Graduate","No",3988,0,50,240,"1","Urban","Y"
"86","Male","No","0","Graduate","No",2366,2531,136,360,"1","Semiurban","Y"
"87","Male","Yes","2","Not Graduate","No",3333,2000,99,360,"1","Semiurban","Y"
"88","Male","Yes","0","Graduate","No",2500,2118,104,360,"1","Semiurban","Y"
"89","Male","No","0","Graduate","No",8566,0,210,360,"1","Urban","Y"
"90","Male","Yes","0","Graduate","No",5695,4167,175,360,"1","Semiurban","Y"
"91","Male","Yes","0","Graduate","No",2958,2900,131,360,"1","Semiurban","Y"
"92","Male","Yes","2","Graduate","No",6250,5654,188,180,"1","Semiurban","Y"
"93","Male","Yes","2","Not Graduate","No",3273,1820,81,360,"1","Urban","Y"
"94","Male","No","0","Graduate","No",4133,0,122,360,"1","Semiurban","Y"
"95","Male","No","0","Not Graduate","No",3620,0,25,120,"1","Semiurban","Y"
"96","Male","No","0","Graduate","No",6782,0,135,360,"1","Urban","N"
"97","Female","Yes","0","Graduate","No",2484,2302,137,360,"1","Semiurban","Y"
"98","Male","Yes","0","Graduate","No",1977,997,50,360,"1","Semiurban","Y"
"99","Male","Yes","0","Not Graduate","No",4188,0,115,180,"1","Semiurban","Y"
"100","Male","Yes","0","Graduate","No",1759,3541,131,360,"1","Semiurban","Y"
"101","Male","Yes","2","Not Graduate","No",4288,3263,133,180,"1","Urban","Y"
"102","Male","No","0","Graduate","No",4843,3806,151,360,"1","Semiurban","Y"
"103","Male","Yes","0","Graduate","No",13650,0,130,360,"1","Urban","Y"
"104","Male","Yes","0","Graduate","No",4652,3583,172,360,"1","Semiurban","Y"
"106","Male","Yes","1","Graduate","No",3052,1030,100,360,"1","Urban","Y"
"107","Male","Yes","2","Graduate","No",11417,1126,225,360,"1","Urban","Y"
"108","Male","No","0","Not Graduate","No",7333,0,120,360,"1","Rural","N"
"109","Male","Yes","2","Graduate","No",3800,3600,216,360,"0","Urban","N"
"110","Male","Yes","3+","Not Graduate","No",2071,754,94,480,"1","Semiurban","Y"
"111","Male","No","0","Graduate","No",5316,0,136,360,"1","Urban","Y"
"112","Female","Yes","0","Graduate","No",2929,2333,139,360,"1","Semiurban","Y"
"114","Female","No","1","Graduate","Yes",7451,0,95,360,"1","Semiurban","Y"
"115","Male","No","0","Graduate","No",5050,0,118,360,"1","Semiurban","Y"
"116","Male","Yes","1","Graduate","No",14583,0,185,180,"1","Rural","Y"
"117","Female","Yes","0","Graduate","No",3167,2283,154,360,"1","Semiurban","Y"
"118","Male","Yes","1","Graduate","No",2214,1398,85,360,"1","Urban","Y"
"119","Male","Yes","0","Graduate","No",5568,2142,175,360,"1","Rural","N"
"120","Female","No","0","Graduate","No",10408,0,259,360,"1","Urban","Y"
"121","Male","Yes","0","Graduate","No",5667,2667,180,360,"1","Rural","Y"
"122","Female","No","0","Graduate","No",4166,0,44,360,"1","Semiurban","Y"
"123","Female","No","0","Graduate","No",2137,8980,137,360,"0","Semiurban","Y"
"124","Male","Yes","2","Graduate","No",2957,0,81,360,"1","Semiurban","Y"
"125","Male","Yes","0","Not Graduate","No",4300,2014,194,360,"1","Rural","Y"
"126","Female","No","0","Graduate","No",3692,0,93,360,"1","Rural","Y"
"127","Male","Yes","3+","Graduate","No",23803,0,370,360,"1","Rural","Y"
"128","Male","No","0","Graduate","No",3865,1640,126,360,"1","Rural","Y"
"129","Male","Yes","1","Graduate","Yes",10513,3850,160,180,"0","Urban","N"
"130","Male","Yes","0","Graduate","No",6080,2569,182,360,"1","Rural","N"
"131","Male","No","0","Graduate","Yes",20166,0,650,480,"1","Urban","Y"
"132","Male","No","0","Graduate","No",2014,1929,74,360,"1","Urban","Y"
"133","Male","No","0","Graduate","No",2718,0,70,360,"1","Semiurban","Y"
"134","Male","Yes","0","Graduate","Yes",3459,0,25,120,"1","Semiurban","Y"
"135","Male","No","0","Graduate","No",4895,0,102,360,"1","Semiurban","Y"
"136","Male","Yes","3+","Graduate","No",4000,7750,290,360,"1","Semiurban","N"
"137","Female","Yes","0","Graduate","No",4583,0,84,360,"1","Rural","N"
"138","Male","Yes","2","Graduate","Yes",3316,3500,88,360,"1","Urban","Y"
"139","Male","No","0","Graduate","No",14999,0,242,360,"0","Semiurban","N"
"140","Male","Yes","2","Not Graduate","No",4200,1430,129,360,"1","Rural","N"
"141","Male","Yes","2","Graduate","No",5042,2083,185,360,"1","Rural","N"
"142","Male","No","0","Graduate","No",5417,0,168,360,"1","Urban","Y"
"143","Male","No","0","Graduate","Yes",6950,0,175,180,"1","Semiurban","Y"
"144","Male","Yes","0","Graduate","No",2698,2034,122,360,"1","Semiurban","Y"
"145","Male","Yes","2","Graduate","No",11757,0,187,180,"1","Urban","Y"
"146","Female","Yes","0","Graduate","No",2330,4486,100,360,"1","Semiurban","Y"
"147","Female","Yes","2","Graduate","No",14866,0,70,360,"1","Urban","Y"
"148","Male","Yes","1","Graduate","No",1538,1425,30,360,"1","Urban","Y"
"149","Female","No","0","Graduate","No",10000,1666,225,360,"1","Rural","N"
"150","Male","Yes","0","Graduate","No",4860,830,125,360,"1","Semiurban","Y"
"151","Male","No","0","Graduate","No",6277,0,118,360,"0","Rural","N"
"152","Male","Yes","0","Graduate","Yes",2577,3750,152,360,"1","Rural","Y"
"153","Male","No","0","Graduate","No",9166,0,244,360,"1","Urban","N"
"154","Male","Yes","2","Not Graduate","No",2281,0,113,360,"1","Rural","N"
"155","Male","No","0","Graduate","No",3254,0,50,360,"1","Urban","Y"
"156","Male","Yes","3+","Graduate","No",39999,0,600,180,"0","Semiurban","Y"
"157","Male","Yes","1","Graduate","No",6000,0,160,360,"1","Rural","Y"
"158","Male","Yes","1","Graduate","No",9538,0,187,360,"1","Urban","Y"
"159","Male","No","0","Graduate","No",2980,2083,120,360,"1","Rural","Y"
"160","Male","Yes","0","Graduate","No",4583,5625,255,360,"1","Semiurban","Y"
"161","Male","Yes","0","Not Graduate","No",1863,1041,98,360,"1","Semiurban","Y"
"162","Male","Yes","0","Graduate","No",7933,0,275,360,"1","Urban","N"
"163","Male","Yes","1","Graduate","No",3089,1280,121,360,"0","Semiurban","N"
"164","Male","Yes","2","Graduate","No",4167,1447,158,360,"1","Rural","Y"
"165","Male","Yes","0","Graduate","No",9323,0,75,180,"1","Urban","Y"
"167","Female","Yes","0","Graduate","No",4583,0,112,360,"1","Rural","N"
"168","Male","Yes","0","Graduate","No",2439,3333,129,360,"1","Rural","Y"
"169","Male","No","0","Graduate","No",2237,0,63,480,"0","Semiurban","N"
"170","Male","Yes","2","Graduate","No",8000,0,200,360,"1","Semiurban","Y"
"171","Male","Yes","0","Not Graduate","No",1820,1769,95,360,"1","Rural","Y"
"172","Male","Yes","3+","Graduate","No",51763,0,700,300,"1","Urban","Y"
"173","Male","Yes","3+","Not Graduate","No",3522,0,81,180,"1","Rural","N"
"174","Male","Yes","0","Graduate","No",5708,5625,187,360,"1","Semiurban","Y"
"175","Male","Yes","0","Not Graduate","Yes",4344,736,87,360,"1","Semiurban","N"
"176","Male","Yes","0","Graduate","No",3497,1964,116,360,"1","Rural","Y"
"177","Male","Yes","2","Graduate","No",2045,1619,101,360,"1","Rural","Y"
"178","Male","Yes","3+","Graduate","No",5516,11300,495,360,"0","Semiurban","N"
"179","Male","Yes","1","Graduate","No",3750,0,116,360,"1","Semiurban","Y"
"180","Male","No","0","Not Graduate","No",2333,1451,102,480,"0","Urban","N"
"181","Male","Yes","1","Graduate","No",6400,7250,180,360,"0","Urban","N"
"182","Male","No","0","Graduate","No",1916,5063,67,360,"1","Rural","N"
"183","Male","Yes","0","Graduate","No",4600,0,73,180,"1","Semiurban","Y"
"184","Male","Yes","1","Graduate","No",33846,0,260,360,"1","Semiurban","N"
"185","Female","Yes","0","Graduate","No",3625,0,108,360,"1","Semiurban","Y"
"186","Male","Yes","0","Graduate","Yes",39147,4750,120,360,"1","Semiurban","Y"
"187","Male","Yes","1","Graduate","Yes",2178,0,66,300,"0","Rural","N"
"188","Male","Yes","0","Graduate","No",2383,2138,58,360,"1","Rural","Y"
"189","Male","Yes","0","Graduate","Yes",674,5296,168,360,"1","Rural","Y"
"190","Male","Yes","0","Graduate","No",9328,0,188,180,"1","Rural","Y"
"191","Male","No","0","Not Graduate","No",4885,0,48,360,"1","Rural","Y"
"192","Male","No","0","Graduate","No",12000,0,164,360,"1","Semiurban","N"
"193","Male","Yes","0","Not Graduate","No",6033,0,160,360,"1","Urban","N"
"194","Male","No","0","Graduate","No",3858,0,76,360,"1","Semiurban","Y"
"195","Male","No","0","Graduate","No",4191,0,120,360,"1","Rural","Y"
"196","Male","Yes","1","Graduate","No",3125,2583,170,360,"1","Semiurban","N"
"197","Male","No","0","Graduate","No",8333,3750,187,360,"1","Rural","Y"
"199","Female","Yes","0","Graduate","No",3416,2816,113,360,"1","Semiurban","Y"
"200","Male","No","0","Graduate","Yes",11000,0,83,360,"1","Urban","N"
"201","Male","Yes","1","Not Graduate","No",2600,2500,90,360,"1","Semiurban","Y"
"202","Male","No","2","Graduate","No",4923,0,166,360,"0","Semiurban","Y"
"203","Male","Yes","3+","Not Graduate","No",3992,0,81,180,"1","Urban","N"
"204","Male","Yes","1","Not Graduate","No",3500,1083,135,360,"1","Urban","Y"
"205","Male","Yes","2","Not Graduate","No",3917,0,124,360,"1","Semiurban","Y"
"206","Female","No","0","Not Graduate","No",4408,0,120,360,"1","Semiurban","Y"
"207","Female","No","0","Graduate","No",3244,0,80,360,"1","Urban","Y"
"208","Male","No","0","Not Graduate","No",3975,2531,55,360,"1","Rural","Y"
"209","Male","No","0","Graduate","No",2479,0,59,360,"1","Urban","Y"
"210","Male","No","0","Graduate","No",3418,0,127,360,"1","Semiurban","N"
"211","Female","No","0","Graduate","No",10000,0,214,360,"1","Semiurban","N"
"212","Male","Yes","3+","Graduate","No",3430,1250,128,360,"0","Semiurban","N"
"213","Male","Yes","1","Graduate","Yes",7787,0,240,360,"1","Urban","Y"
"214","Male","Yes","3+","Not Graduate","Yes",5703,0,130,360,"1","Rural","Y"
"215","Male","Yes","0","Graduate","No",3173,3021,137,360,"1","Urban","Y"
"216","Male","Yes","3+","Not Graduate","No",3850,983,100,360,"1","Semiurban","Y"
"217","Male","Yes","0","Graduate","No",150,1800,135,360,"1","Rural","N"
"218","Male","Yes","0","Graduate","No",3727,1775,131,360,"1","Semiurban","Y"
"219","Male","Yes","2","Graduate","No",5000,0,72,360,"0","Semiurban","N"
"220","Female","Yes","2","Graduate","No",4283,2383,127,360,"1","Semiurban","Y"
"221","Male","Yes","0","Graduate","No",2221,0,60,360,"0","Urban","N"
"222","Male","Yes","2","Graduate","No",4009,1717,116,360,"1","Semiurban","Y"
"223","Male","No","0","Graduate","No",2971,2791,144,360,"1","Semiurban","Y"
"225","Male","Yes","0","Graduate","No",6250,0,128,360,"1","Semiurban","Y"
"226","Male","Yes","0","Graduate","No",3250,0,170,360,"1","Rural","N"
"227","Male","Yes","0","Not Graduate","Yes",4735,0,138,360,"1","Urban","N"
"228","Male","Yes","2","Graduate","No",6250,1695,210,360,"1","Semiurban","Y"
"230","Male","No","0","Graduate","Yes",6400,0,200,360,"1","Rural","Y"
"231","Male","Yes","1","Graduate","No",2491,2054,104,360,"1","Semiurban","Y"
"232","Male","Yes","0","Graduate","No",3716,0,42,180,"1","Rural","Y"
"234","Female","No","0","Graduate","No",8333,0,280,360,"1","Semiurban","Y"
"235","Male","Yes","1","Graduate","No",3155,1779,140,360,"1","Semiurban","Y"
"236","Male","Yes","1","Graduate","No",5500,1260,170,360,"1","Rural","Y"
"237","Male","Yes","0","Graduate","No",5746,0,255,360,"1","Urban","N"
"238","Female","No","0","Graduate","Yes",3463,0,122,360,"1","Urban","Y"
"239","Female","No","1","Graduate","No",3812,0,112,360,"1","Rural","Y"
"240","Male","Yes","1","Graduate","No",3315,0,96,360,"1","Semiurban","Y"
"241","Male","Yes","2","Graduate","No",5819,5000,120,360,"1","Rural","Y"
"242","Male","Yes","1","Not Graduate","No",2510,1983,140,180,"1","Urban","N"
"243","Male","No","0","Graduate","No",2965,5701,155,60,"1","Urban","Y"
"244","Male","Yes","2","Graduate","Yes",6250,1300,108,360,"1","Rural","Y"
"245","Male","Yes","0","Not Graduate","No",3406,4417,123,360,"1","Semiurban","Y"
"246","Male","No","0","Graduate","Yes",6050,4333,120,180,"1","Urban","N"
"247","Male","Yes","2","Graduate","No",9703,0,112,360,"1","Urban","Y"
"248","Male","Yes","1","Not Graduate","No",6608,0,137,180,"1","Urban","Y"
"249","Male","Yes","1","Graduate","No",2882,1843,123,480,"1","Semiurban","Y"
"250","Male","Yes","0","Graduate","No",1809,1868,90,360,"1","Urban","Y"
"251","Male","Yes","0","Not Graduate","No",1668,3890,201,360,"0","Semiurban","N"
"252","Female","No","2","Graduate","No",3427,0,138,360,"1","Urban","N"
"253","Male","No","0","Not Graduate","Yes",2583,2167,104,360,"1","Rural","Y"
"254","Male","Yes","1","Not Graduate","No",2661,7101,279,180,"1","Semiurban","Y"
"255","Male","No","0","Graduate","Yes",16250,0,192,360,"0","Urban","N"
"256","Female","No","3+","Graduate","No",3083,0,255,360,"1","Rural","Y"
"257","Male","No","0","Not Graduate","No",6045,0,115,360,"0","Rural","N"
"258","Male","Yes","3+","Graduate","No",5250,0,94,360,"1","Urban","N"
"259","Male","Yes","0","Graduate","No",14683,2100,304,360,"1","Rural","N"
"260","Male","Yes","3+","Not Graduate","No",4931,0,128,360,"0","Semiurban","N"
"261","Male","Yes","1","Graduate","No",6083,4250,330,360,"1","Urban","Y"
"262","Male","No","0","Graduate","No",2060,2209,134,360,"1","Semiurban","Y"
"263","Female","No","1","Graduate","No",3481,0,155,36,"1","Semiurban","N"
"264","Female","No","0","Graduate","No",7200,0,120,360,"1","Rural","Y"
"265","Male","No","0","Graduate","Yes",5166,0,128,360,"1","Semiurban","Y"
"266","Male","No","0","Graduate","No",4095,3447,151,360,"1","Rural","Y"
"267","Male","Yes","2","Graduate","No",4708,1387,150,360,"1","Semiurban","Y"
"268","Male","Yes","3+","Graduate","No",4333,1811,160,360,"0","Urban","Y"
"269","Female","No","0","Graduate","No",3418,0,135,360,"1","Rural","N"
"270","Female","No","1","Graduate","No",2876,1560,90,360,"1","Urban","Y"
"271","Female","No","0","Graduate","No",3237,0,30,360,"1","Urban","Y"
"272","Male","Yes","0","Graduate","No",11146,0,136,360,"1","Urban","Y"
"273","Male","No","0","Graduate","No",2833,1857,126,360,"1","Rural","Y"
"274","Male","Yes","0","Graduate","No",2620,2223,150,360,"1","Semiurban","Y"
"275","Male","Yes","2","Graduate","No",3900,0,90,360,"1","Semiurban","Y"
"276","Male","Yes","1","Graduate","No",2750,1842,115,360,"1","Semiurban","Y"
"277","Male","Yes","0","Graduate","No",3993,3274,207,360,"1","Semiurban","Y"
"278","Male","Yes","0","Graduate","No",3103,1300,80,360,"1","Urban","Y"
"279","Male","Yes","0","Graduate","No",14583,0,436,360,"1","Semiurban","Y"
"280","Female","Yes","0","Not Graduate","No",4100,0,124,360,"1","Rural","Y"
"281","Male","No","1","Not Graduate","Yes",4053,2426,158,360,"0","Urban","N"
"282","Male","Yes","0","Graduate","No",3927,800,112,360,"1","Semiurban","Y"
"283","Male","Yes","2","Graduate","No",2301,985.7999878,78,180,"1","Urban","Y"
"284","Female","No","0","Graduate","No",1811,1666,54,360,"1","Urban","Y"
"285","Male","Yes","0","Graduate","No",20667,0,257,360,"1","Rural","N"
"286","Male","No","0","Graduate","No",3158,3053,89,360,"1","Rural","Y"
"287","Female","No","0","Graduate","Yes",2600,1717,99,300,"1","Semiurban","N"
"288","Male","Yes","0","Graduate","No",3704,2000,120,360,"1","Rural","Y"
"289","Female","No","0","Graduate","No",4124,0,115,360,"1","Semiurban","Y"
"290","Male","No","0","Graduate","No",9508,0,187,360,"1","Rural","Y"
"291","Male","Yes","0","Graduate","No",3075,2416,139,360,"1","Rural","Y"
"292","Male","Yes","2","Graduate","No",4400,0,127,360,"0","Semiurban","N"
"293","Male","Yes","2","Graduate","No",3153,1560,134,360,"1","Urban","Y"
"294","Female","No","0","Graduate","No",5417,0,143,480,"0","Urban","N"
"295","Male","Yes","0","Graduate","No",2383,3334,172,360,"1","Semiurban","Y"
"296","Male","Yes","3+","Graduate","No",4416,1250,110,360,"1","Urban","Y"
"297","Male","Yes","1","Graduate","No",6875,0,200,360,"1","Semiurban","Y"
"298","Female","Yes","1","Graduate","No",4666,0,135,360,"1","Urban","Y"
"299","Female","No","0","Graduate","No",5000,2541,151,480,"1","Rural","N"
"300","Male","Yes","1","Graduate","No",2014,2925,113,360,"1","Urban","N"
"301","Male","Yes","0","Not Graduate","No",1800,2934,93,360,"0","Urban","N"
"302","Male","Yes","2","Not Graduate","No",2875,1750,105,360,"1","Semiurban","Y"
"303","Female","No","0","Graduate","No",5000,0,132,360,"1","Rural","Y"
"304","Male","Yes","1","Graduate","No",1625,1803,96,360,"1","Urban","Y"
"305","Male","No","0","Graduate","No",4000,2500,140,360,"1","Rural","Y"
"306","Male","No","0","Not Graduate","No",2000,0,78,360,"1","Urban","N"
"307","Female","No","0","Graduate","No",3762,1666,135,360,"1","Rural","Y"
"308","Female","No","0","Graduate","No",2400,1863,104,360,"0","Urban","N"
"309","Male","No","0","Graduate","No",20233,0,480,360,"1","Rural","N"
"310","Male","Yes","2","Not Graduate","No",7667,0,185,360,"1","Rural","Y"
"311","Female","No","0","Graduate","No",2917,0,84,360,"1","Semiurban","Y"
"312","Male","No","0","Not Graduate","No",2927,2405,111,360,"1","Semiurban","Y"
"313","Female","No","0","Graduate","No",2507,0,56,360,"1","Rural","Y"
"314","Male","Yes","2","Graduate","Yes",5746,0,144,84,"1","Rural","Y"
"315","Male","Yes","0","Graduate","No",2473,1843,159,360,"1","Rural","N"
"316","Male","Yes","1","Not Graduate","No",3399,1640,111,180,"1","Urban","Y"
"317","Male","Yes","2","Graduate","No",3717,0,120,360,"1","Semiurban","Y"
"318","Male","Yes","0","Graduate","No",2058,2134,88,360,"1","Urban","Y"
"319","Female","No","1","Graduate","No",3541,0,112,360,"1","Semiurban","Y"
"320","Male","Yes","1","Graduate","Yes",10000,0,155,360,"1","Rural","N"
"321","Male","Yes","0","Graduate","No",2400,2167,115,360,"1","Semiurban","Y"
"322","Male","Yes","3+","Graduate","No",4342,189,124,360,"1","Semiurban","Y"
"323","Male","Yes","2","Not Graduate","No",3601,1590,129,360,"1","Rural","Y"
"324","Female","No","0","Graduate","No",3166,2985,132,360,"1","Rural","Y"
"325","Male","Yes","3+","Graduate","No",15000,0,300,360,"1","Rural","Y"
"326","Male","Yes","1","Graduate","Yes",8666,4983,376,360,"0","Rural","N"
"327","Male","No","0","Graduate","No",4917,0,130,360,"0","Rural","Y"
"328","Male","Yes","0","Graduate","Yes",5818,2160,184,360,"1","Semiurban","Y"
"329","Female","Yes","0","Graduate","No",4333,2451,110,360,"1","Urban","N"
"330","Female","No","0","Graduate","No",2500,0,67,360,"1","Urban","Y"
"331","Male","No","1","Graduate","No",4384,1793,117,360,"1","Urban","Y"
"332","Male","No","0","Graduate","No",2935,0,98,360,"1","Semiurban","Y"
"333","Male","No","0","Graduate","No",2833,0,71,360,"1","Urban","Y"
"334","Male","Yes","0","Graduate","No",63337,0,490,180,"1","Urban","Y"
"335","Male","Yes","1","Graduate","Yes",9833,1833,182,180,"1","Urban","Y"
"337","Male","Yes","1","Graduate","No",5250,688,160,360,"1","Rural","Y"
"338","Male","Yes","2","Graduate","Yes",2500,4600,176,360,"1","Rural","Y"
"339","Female","No","3+","Not Graduate","No",1830,0,76,360,"0","Urban","N"
"340","Female","No","0","Graduate","No",4160,0,71,360,"1","Semiurban","Y"
"341","Male","Yes","3+","Not Graduate","No",2647,1587,173,360,"1","Rural","N"
"342","Female","No","0","Graduate","No",2378,0,46,360,"1","Rural","N"
"343","Male","Yes","1","Not Graduate","No",4554,1229,158,360,"1","Urban","Y"
"344","Male","Yes","3+","Not Graduate","No",3173,0,74,360,"1","Semiurban","Y"
"345","Male","Yes","2","Graduate","No",2583,2330,125,360,"1","Rural","Y"
"346","Male","Yes","0","Graduate","No",2499,2458,160,360,"1","Semiurban","Y"
"347","Male","Yes","2","Not Graduate","No",3523,3230,152,360,"0","Rural","N"
"348","Male","Yes","2","Not Graduate","No",3083,2168,126,360,"1","Urban","Y"
"349","Male","Yes","0","Graduate","No",6333,4583,259,360,"1","Semiurban","Y"
"350","Male","Yes","0","Graduate","No",2625,6250,187,360,"1","Rural","Y"
"351","Male","Yes","0","Graduate","No",9083,0,228,360,"1","Semiurban","Y"
"352","Male","No","0","Graduate","No",8750,4167,308,360,"1","Rural","N"
"353","Male","Yes","3+","Graduate","No",2666,2083,95,360,"1","Rural","Y"
"354","Female","Yes","0","Graduate","Yes",5500,0,105,360,"0","Rural","N"
"355","Female","Yes","0","Graduate","No",2423,505,130,360,"1","Semiurban","Y"
"356","Female","No","0","Graduate","No",3813,0,116,180,"1","Urban","Y"
"357","Male","Yes","2","Graduate","No",8333,3167,165,360,"1","Rural","Y"
"358","Male","Yes","1","Graduate","No",3875,0,67,360,"1","Urban","N"
"359","Male","Yes","0","Not Graduate","No",3000,1666,100,480,"0","Urban","N"
"360","Male","Yes","3+","Graduate","No",5167,3167,200,360,"1","Semiurban","Y"
"361","Female","No","1","Graduate","No",4723,0,81,360,"1","Semiurban","N"
"362","Male","Yes","2","Graduate","No",5000,3667,236,360,"1","Semiurban","Y"
"363","Male","Yes","0","Graduate","No",4750,2333,130,360,"1","Urban","Y"
"364","Male","Yes","0","Graduate","No",3013,3033,95,300,"1","Urban","Y"
"365","Male","No","0","Graduate","Yes",6822,0,141,360,"1","Rural","Y"
"366","Male","No","0","Not Graduate","No",6216,0,133,360,"1","Rural","N"
"367","Male","No","0","Graduate","No",2500,0,96,480,"1","Semiurban","N"
"369","Male","Yes","1","Graduate","No",6325,0,175,360,"1","Semiurban","Y"
"370","Male","Yes","0","Graduate","No",19730,5266,570,360,"1","Rural","N"
"371","Female","No","0","Graduate","Yes",15759,0,55,360,"1","Semiurban","Y"
"372","Male","Yes","2","Graduate","No",5185,0,155,360,"1","Semiurban","Y"
"373","Male","Yes","2","Graduate","Yes",9323,7873,380,300,"1","Rural","Y"
"374","Male","No","1","Graduate","No",3062,1987,111,180,"0","Urban","N"
"375","Female","No","0","Graduate","No",2764,1459,110,360,"1","Urban","Y"
"376","Male","Yes","0","Graduate","No",4817,923,120,180,"1","Urban","Y"
"377","Male","Yes","3+","Graduate","No",8750,4996,130,360,"1","Rural","Y"
"378","Male","Yes","0","Graduate","No",4310,0,130,360,"1","Semiurban","Y"
"379","Male","No","0","Graduate","No",3069,0,71,480,"1","Urban","N"
"380","Male","Yes","2","Graduate","No",5391,0,130,360,"1","Urban","Y"
"381","Male","Yes","0","Graduate","No",3333,2500,128,360,"1","Semiurban","Y"
"382","Male","No","0","Graduate","No",5941,4232,296,360,"1","Semiurban","Y"
"383","Female","No","0","Graduate","No",6000,0,156,360,"1","Urban","Y"
"384","Male","No","0","Graduate","Yes",7167,0,128,360,"1","Urban","Y"
"385","Male","Yes","2","Graduate","No",4566,0,100,360,"1","Urban","N"
"386","Male","No","1","Graduate","No",3667,0,113,180,"1","Urban","Y"
"387","Male","No","0","Not Graduate","No",2346,1600,132,360,"1","Semiurban","Y"
"388","Male","Yes","0","Not Graduate","No",3010,3136,100,360,"0","Urban","N"
"389","Male","Yes","0","Graduate","No",2333,2417,136,360,"1","Urban","Y"
"390","Male","Yes","0","Graduate","No",5488,0,125,360,"1","Rural","Y"
"391","Male","No","3+","Graduate","No",9167,0,185,360,"1","Rural","Y"
"392","Male","Yes","3+","Graduate","No",9504,0,275,360,"1","Rural","Y"
"393","Male","Yes","0","Graduate","No",2583,2115,120,360,"1","Urban","Y"
"394","Male","Yes","2","Not Graduate","No",1993,1625,113,180,"1","Semiurban","Y"
"395","Male","Yes","2","Graduate","No",3100,1400,113,360,"1","Urban","Y"
"396","Male","Yes","2","Graduate","No",3276,484,135,360,"1","Semiurban","Y"
"397","Female","No","0","Graduate","No",3180,0,71,360,"0","Urban","N"
"398","Male","Yes","0","Graduate","No",3033,1459,95,360,"1","Urban","Y"
"399","Male","No","0","Not Graduate","No",3902,1666,109,360,"1","Rural","Y"
"400","Female","No","0","Graduate","No",1500,1800,103,360,"0","Semiurban","N"
"401","Male","Yes","2","Not Graduate","No",2889,0,45,180,"0","Urban","N"
"402","Male","No","0","Not Graduate","No",2755,0,65,300,"1","Rural","N"
"403","Male","No","0","Graduate","No",2500,20000,103,360,"1","Semiurban","Y"
"404","Female","No","0","Not Graduate","No",1963,0,53,360,"1","Semiurban","Y"
"405","Female","No","0","Graduate","Yes",7441,0,194,360,"1","Rural","N"
"406","Female","No","0","Graduate","No",4547,0,115,360,"1","Semiurban","Y"
"407","Male","Yes","0","Not Graduate","No",2167,2400,115,360,"1","Urban","Y"
"408","Female","No","0","Not Graduate","No",2213,0,66,360,"1","Rural","Y"
"409","Male","Yes","1","Graduate","No",8300,0,152,300,"0","Semiurban","N"
"410","Male","Yes","3+","Graduate","No",81000,0,360,360,"0","Rural","N"
"411","Female","No","1","Not Graduate","Yes",3867,0,62,360,"1","Semiurban","N"
"412","Male","Yes","0","Graduate","No",6256,0,160,360,"1","Urban","Y"
"413","Male","Yes","0","Not Graduate","No",6096,0,218,360,"0","Rural","N"
"414","Male","Yes","0","Not Graduate","No",2253,2033,110,360,"1","Rural","Y"
"415","Female","Yes","0","Not Graduate","No",2149,3237,178,360,"0","Semiurban","N"
"416","Female","No","0","Graduate","No",2995,0,60,360,"1","Urban","Y"
"417","Female","No","1","Graduate","No",2600,0,160,360,"1","Urban","N"
"418","Male","Yes","2","Graduate","Yes",1600,20000,239,360,"1","Urban","N"
"419","Male","Yes","0","Graduate","No",1025,2773,112,360,"1","Rural","Y"
"420","Male","Yes","0","Graduate","No",3246,1417,138,360,"1","Semiurban","Y"
"421","Male","Yes","0","Graduate","No",5829,0,138,360,"1","Rural","Y"
"423","Male","Yes","0","Graduate","No",1820,1719,100,360,"1","Urban","Y"
"425","Male","Yes","0","Graduate","No",14880,0,96,360,"1","Semiurban","Y"
"426","Male","Yes","0","Graduate","No",2666,4300,121,360,"1","Rural","Y"
"427","Female","No","1","Not Graduate","No",4606,0,81,360,"1","Rural","N"
"428","Male","Yes","2","Graduate","No",5935,0,133,360,"1","Semiurban","Y"
"429","Male","Yes","0","Graduate","No",2920,16.12000084,87,360,"1","Rural","Y"
"430","Male","No","0","Not Graduate","No",2717,0,60,180,"1","Urban","Y"
"431","Female","No","1","Graduate","Yes",8624,0,150,360,"1","Semiurban","Y"
"432","Male","No","0","Graduate","No",6500,0,105,360,"0","Rural","N"
"433","Male","No","0","Graduate","No",12876,0,405,360,"1","Semiurban","Y"
"434","Male","Yes","0","Graduate","No",2425,2340,143,360,"1","Semiurban","Y"
"435","Male","No","0","Graduate","No",3750,0,100,360,"1","Urban","Y"
"437","Male","No","0","Graduate","No",1926,1851,50,360,"1","Semiurban","Y"
"438","Male","Yes","0","Graduate","No",2213,1125,95,360,"1","Urban","Y"
"439","Male","No","0","Graduate","Yes",10416,0,187,360,"0","Urban","N"
"440","Female","Yes","0","Not Graduate","Yes",7142,0,138,360,"1","Rural","Y"
"441","Male","No","0","Graduate","No",3660,5064,187,360,"1","Semiurban","Y"
"442","Male","Yes","0","Graduate","No",7901,1833,180,360,"1","Rural","Y"
"443","Male","No","3+","Not Graduate","No",4707,1993,148,360,"1","Semiurban","Y"
"444","Male","No","1","Graduate","No",37719,0,152,360,"1","Semiurban","Y"
"445","Male","Yes","0","Graduate","No",7333,8333,175,300,"1","Rural","Y"
"446","Male","Yes","1","Graduate","Yes",3466,1210,130,360,"1","Rural","Y"
"447","Male","Yes","2","Not Graduate","No",4652,0,110,360,"1","Rural","Y"
"448","Male","Yes","0","Graduate","No",3539,1376,55,360,"1","Rural","N"
"449","Male","Yes","2","Graduate","No",3340,1710,150,360,"0","Rural","N"
"450","Male","No","1","Not Graduate","Yes",2769,1542,190,360,"1","Semiurban","N"
"451","Male","Yes","2","Not Graduate","No",2309,1255,125,360,"0","Rural","N"
"452","Male","Yes","2","Not Graduate","No",1958,1456,60,300,"1","Urban","Y"
"453","Male","Yes","0","Graduate","No",3948,1733,149,360,"0","Rural","N"
"454","Male","Yes","0","Graduate","No",2483,2466,90,180,"0","Rural","Y"
"455","Male","No","0","Graduate","Yes",7085,0,84,360,"1","Semiurban","Y"
"456","Male","Yes","2","Graduate","No",3859,0,96,360,"1","Semiurban","Y"
"457","Male","Yes","0","Graduate","No",4301,0,118,360,"1","Urban","Y"
"458","Male","Yes","0","Graduate","No",3708,2569,173,360,"1","Urban","N"
"459","Male","No","2","Graduate","No",4354,0,136,360,"1","Rural","Y"
"460","Male","Yes","0","Graduate","No",8334,0,160,360,"1","Semiurban","N"
"461","Male","Yes","0","Graduate","Yes",2083,4083,160,360,"1","Semiurban","Y"
"462","Male","Yes","3+","Graduate","No",7740,0,128,180,"1","Urban","Y"
"463","Male","Yes","0","Graduate","No",3015,2188,153,360,"1","Rural","Y"
"464","Female","No","1","Not Graduate","No",5191,0,132,360,"1","Semiurban","Y"
"465","Male","No","0","Graduate","No",4166,0,98,360,"0","Semiurban","N"
"466","Male","No","0","Graduate","No",6000,0,140,360,"1","Rural","Y"
"467","Male","Yes","3+","Not Graduate","No",2947,1664,70,180,"0","Urban","N"
"468","Male","Yes","0","Graduate","No",16692,0,110,360,"1","Semiurban","Y"
"469","Female","Yes","2","Not Graduate","No",210,2917,98,360,"1","Semiurban","Y"
"470","Male","Yes","0","Graduate","No",4333,2451,110,360,"1","Urban","N"
"471","Male","Yes","1","Graduate","Yes",3450,2079,162,360,"1","Semiurban","Y"
"472","Male","Yes","1","Not Graduate","No",2653,1500,113,180,"0","Rural","N"
"473","Male","Yes","3+","Graduate","No",4691,0,100,360,"1","Semiurban","Y"
"474","Female","No","0","Graduate","Yes",2500,0,93,360,"1","Urban","Y"
"475","Male","No","2","Graduate","No",5532,4648,162,360,"1","Rural","Y"
"476","Male","Yes","2","Graduate","Yes",16525,1014,150,360,"1","Rural","Y"
"477","Male","Yes","2","Graduate","No",6700,1750,230,300,"1","Semiurban","Y"
"478","Male","Yes","2","Graduate","No",2873,1872,132,360,"0","Semiurban","N"
"479","Male","Yes","1","Graduate","Yes",16667,2250,86,360,"1","Semiurban","Y"
"480","Male","Yes","2","Graduate","No",2947,1603,150,360,"1","Urban","N"
"481","Female","No","0","Not Graduate","No",4350,0,154,360,"1","Rural","Y"
"482","Male","Yes","3+","Not Graduate","No",3095,0,113,360,"1","Rural","Y"
"483","Male","Yes","0","Graduate","No",2083,3150,128,360,"1","Semiurban","Y"
"484","Male","Yes","0","Graduate","No",10833,0,234,360,"1","Semiurban","Y"
"485","Male","Yes","2","Graduate","No",8333,0,246,360,"1","Semiurban","Y"
"486","Male","Yes","1","Not Graduate","No",1958,2436,131,360,"1","Rural","Y"
"487","Male","No","2","Graduate","No",3547,0,80,360,"0","Rural","N"
"488","Male","Yes","1","Graduate","No",18333,0,500,360,"1","Urban","N"
"489","Male","Yes","2","Graduate","Yes",4583,2083,160,360,"1","Semiurban","Y"
"490","Male","No","0","Graduate","No",2435,0,75,360,"1","Urban","N"
"491","Male","No","0","Not Graduate","No",2699,2785,96,360,"1","Semiurban","Y"
"492","Male","Yes","1","Not Graduate","No",5333,1131,186,360,"1","Urban","Y"
"493","Male","No","0","Not Graduate","No",3691,0,110,360,"1","Rural","Y"
"494","Female","No","0","Not Graduate","Yes",17263,0,225,360,"1","Semiurban","Y"
"495","Male","Yes","0","Graduate","No",3597,2157,119,360,"0","Rural","N"
"496","Female","Yes","1","Graduate","No",3326,913,105,84,"1","Semiurban","Y"
"497","Male","Yes","0","Not Graduate","No",2600,1700,107,360,"1","Rural","Y"
"498","Male","Yes","0","Graduate","No",4625,2857,111,12,"1","Urban","Y"
"499","Male","Yes","1","Graduate","Yes",2895,0,95,360,"1","Semiurban","Y"
"500","Male","No","0","Graduate","No",6283,4416,209,360,"0","Rural","N"
"501","Female","No","0","Graduate","No",645,3683,113,480,"1","Rural","Y"
"502","Female","No","0","Graduate","No",3159,0,100,360,"1","Semiurban","Y"
"503","Male","Yes","2","Graduate","No",4865,5624,208,360,"1","Semiurban","Y"
"504","Male","Yes","1","Not Graduate","No",4050,5302,138,360,"1","Rural","N"
"505","Male","Yes","0","Not Graduate","No",3814,1483,124,300,"1","Semiurban","Y"
"506","Male","Yes","2","Graduate","No",3510,4416,243,360,"1","Rural","Y"
"507","Male","Yes","0","Graduate","No",20833,6667,480,360,"1","Urban","Y"
"508","Male","No","0","Graduate","No",3583,0,96,360,"1","Urban","N"
"509","Male","Yes","0","Graduate","Yes",2479,3013,188,360,"1","Urban","Y"
"510","Female","No","1","Graduate","No",13262,0,40,360,"1","Urban","Y"
"511","Male","No","0","Not Graduate","No",3598,1287,100,360,"1","Rural","N"
"512","Male","Yes","1","Graduate","No",6065,2004,250,360,"1","Semiurban","Y"
"513","Male","Yes","2","Graduate","No",3283,2035,148,360,"1","Urban","Y"
"514","Male","Yes","0","Graduate","No",2130,6666,70,180,"1","Semiurban","N"
"515","Male","No","0","Graduate","No",5815,3666,311,360,"1","Rural","N"
"516","Male","Yes","3+","Graduate","No",3466,3428,150,360,"1","Rural","Y"
"517","Female","Yes","2","Graduate","No",2031,1632,113,480,"1","Semiurban","Y"
"518","Male","Yes","0","Not Graduate","No",3074,1800,123,360,"0","Semiurban","N"
"519","Male","No","0","Graduate","No",4683,1915,185,360,"1","Semiurban","N"
"520","Female","No","0","Not Graduate","No",3400,0,95,360,"1","Rural","N"
"521","Male","Yes","2","Not Graduate","No",2192,1742,45,360,"1","Semiurban","Y"
"522","Male","No","0","Graduate","No",2500,0,55,360,"1","Semiurban","Y"
"523","Male","Yes","3+","Graduate","Yes",5677,1424,100,360,"1","Rural","Y"
"524","Male","Yes","2","Graduate","Yes",7948,7166,480,360,"1","Rural","Y"
"525","Male","No","0","Graduate","No",4680,2087,152,360,"1","Semiurban","N"
"526","Male","Yes","2","Graduate","Yes",17500,0,400,360,"1","Rural","Y"
"527","Male","Yes","0","Graduate","No",3775,0,110,360,"1","Semiurban","Y"
"528","Male","Yes","1","Not Graduate","No",5285,1430,161,360,"0","Semiurban","Y"
"529","Male","No","1","Not Graduate","No",2679,1302,94,360,"1","Semiurban","Y"
"530","Male","No","0","Not Graduate","No",6783,0,130,360,"1","Semiurban","Y"
"531","Male","Yes","0","Graduate","No",1025,5500,216,360,"1","Rural","Y"
"532","Male","Yes","3+","Graduate","No",4281,0,100,360,"1","Urban","Y"
"533","Male","No","2","Graduate","No",3588,0,110,360,"0","Rural","N"
"534","Male","No","1","Graduate","No",11250,0,196,360,"1","Semiurban","N"
"535","Female","No","0","Not Graduate","Yes",18165,0,125,360,"1","Urban","Y"
"536","Male","No","0","Not Graduate","No",2550,2042,126,360,"1","Rural","Y"
"537","Male","Yes","0","Graduate","No",6133,3906,324,360,"1","Urban","Y"
"538","Male","No","2","Graduate","No",3617,0,107,360,"1","Semiurban","Y"
"539","Male","Yes","0","Not Graduate","No",2917,536,66,360,"1","Rural","N"
"540","Male","Yes","3+","Graduate","No",6417,0,157,180,"1","Rural","Y"
"541","Female","Yes","1","Graduate","No",4608,2845,140,180,"1","Semiurban","Y"
"542","Female","No","0","Graduate","No",2138,0,99,360,"0","Semiurban","N"
"543","Female","No","1","Graduate","No",3652,0,95,360,"1","Semiurban","Y"
"544","Male","Yes","1","Not Graduate","No",2239,2524,128,360,"1","Urban","Y"
"545","Female","Yes","0","Not Graduate","No",3017,663,102,360,"1","Semiurban","Y"
"546","Male","Yes","0","Graduate","No",2768,1950,155,360,"1","Rural","Y"
"547","Male","No","0","Not Graduate","No",3358,0,80,36,"1","Semiurban","N"
"548","Male","No","0","Graduate","No",2526,1783,145,360,"1","Rural","Y"
"549","Female","No","0","Graduate","No",5000,0,103,360,"0","Semiurban","N"
"550","Male","Yes","0","Graduate","No",2785,2016,110,360,"1","Rural","Y"
"551","Male","Yes","2","Graduate","Yes",6633,0,150,360,"0","Rural","N"
"552","Male","Yes","1","Not Graduate","No",2492,2375,110,360,"1","Rural","Y"
"553","Male","Yes","1","Graduate","No",3333,3250,158,360,"1","Urban","Y"
"554","Male","Yes","0","Not Graduate","No",2454,2333,181,360,"0","Urban","N"
"555","Male","Yes","0","Graduate","No",3593,4266,132,180,"0","Rural","N"
"556","Male","Yes","1","Graduate","No",5468,1032,26,360,"1","Semiurban","Y"
"557","Female","No","0","Graduate","No",2667,1625,84,360,"1","Urban","Y"
"558","Male","Yes","3+","Graduate","Yes",10139,0,260,360,"1","Semiurban","Y"
"559","Male","Yes","0","Graduate","No",3887,2669,162,360,"1","Semiurban","Y"
"560","Female","Yes","0","Graduate","No",4180,2306,182,360,"1","Semiurban","Y"
"561","Male","Yes","2","Not Graduate","No",3675,242,108,360,"1","Semiurban","Y"
"562","Female","Yes","1","Graduate","Yes",19484,0,600,360,"1","Semiurban","Y"
"563","Male","Yes","0","Graduate","No",5923,2054,211,360,"1","Rural","Y"
"564","Male","No","0","Not Graduate","Yes",5800,0,132,360,"1","Semiurban","Y"
"565","Male","Yes","2","Graduate","No",8799,0,258,360,"0","Urban","N"
"566","Male","Yes","0","Not Graduate","No",4467,0,120,360,"1","Rural","Y"
"567","Male","No","0","Graduate","No",3333,0,70,360,"1","Urban","Y"
"568","Male","Yes","3+","Graduate","No",3400,2500,123,360,"0","Rural","N"
"569","Female","No","0","Graduate","No",2378,0,9,360,"1","Urban","N"
"570","Male","Yes","0","Graduate","No",3166,2064,104,360,"0","Urban","N"
"571","Male","Yes","1","Graduate","No",3417,1750,186,360,"1","Urban","Y"
"572","Male","Yes","2","Graduate","No",5116,1451,165,360,"0","Urban","N"
"573","Male","Yes","2","Graduate","No",16666,0,275,360,"1","Urban","Y"
"574","Male","Yes","2","Not Graduate","No",6125,1625,187,480,"1","Semiurban","N"
"575","Male","Yes","3+","Graduate","No",6406,0,150,360,"1","Semiurban","N"
"576","Male","Yes","2","Graduate","No",3159,461,108,84,"1","Urban","Y"
"577","Male","Yes","0","Graduate","No",3087,2210,136,360,"0","Semiurban","N"
"578","Male","No","0","Graduate","No",3229,2739,110,360,"1","Urban","Y"
"579","Male","Yes","1","Graduate","No",1782,2232,107,360,"1","Rural","Y"
"580","Male","No","0","Graduate","No",3182,2917,161,360,"1","Urban","Y"
"581","Male","Yes","2","Graduate","No",6540,0,205,360,"1","Semiurban","Y"
"582","Male","No","0","Graduate","No",1836,33837,90,360,"1","Urban","N"
"583","Female","Yes","0","Graduate","No",3166,0,36,360,"1","Semiurban","Y"
"584","Male","Yes","1","Graduate","No",1880,0,61,360,"1","Rural","N"
"585","Male","Yes","1","Graduate","No",2787,1917,146,360,"0","Rural","N"
"586","Male","Yes","1","Graduate","No",4283,3000,172,84,"1","Rural","N"
"587","Male","Yes","0","Graduate","No",2297,1522,104,360,"1","Urban","Y"
"588","Female","No","0","Not Graduate","No",2165,0,70,360,"1","Semiurban","Y"
"589","Male","No","0","Graduate","No",4750,0,94,360,"1","Semiurban","Y"
"590","Male","Yes","2","Graduate","Yes",2726,0,106,360,"0","Semiurban","N"
"591","Male","Yes","0","Graduate","No",3000,3416,56,180,"1","Semiurban","Y"
"592","Male","Yes","2","Graduate","Yes",6000,0,205,240,"1","Semiurban","N"
"593","Male","No","3+","Graduate","Yes",9357,0,292,360,"1","Semiurban","Y"
"594","Male","Yes","0","Graduate","No",3859,3300,142,180,"1","Rural","Y"
"595","Male","Yes","0","Graduate","Yes",16120,0,260,360,"1","Urban","Y"
"596","Male","No","0","Not Graduate","No",3833,0,110,360,"1","Rural","Y"
"597","Male","Yes","2","Not Graduate","Yes",6383,1000,187,360,"1","Rural","N"
"598","Male","No","0","Graduate","No",2987,0,88,360,"0","Semiurban","N"
"599","Male","Yes","0","Graduate","Yes",9963,0,180,360,"1","Rural","Y"
"600","Male","Yes","2","Graduate","No",5780,0,192,360,"1","Urban","Y"
"601","Female","No","3+","Graduate","No",416,41667,350,180,"1","Urban","N"
"602","Male","Yes","0","Not Graduate","No",2894,2792,155,360,"1","Rural","Y"
"603","Male","Yes","3+","Graduate","No",5703,0,128,360,"1","Urban","Y"
"604","Male","No","0","Graduate","No",3676,4301,172,360,"1","Rural","Y"
"605","Female","Yes","1","Graduate","No",12000,0,496,360,"1","Semiurban","Y"
"606","Male","Yes","0","Not Graduate","No",2400,3800,150,180,"1","Urban","N"
"607","Male","Yes","1","Graduate","No",3400,2500,173,360,"1","Semiurban","Y"
"608","Male","Yes","2","Not Graduate","No",3987,1411,157,360,"1","Rural","Y"
"609","Male","Yes","0","Graduate","No",3232,1950,108,360,"1","Rural","Y"
"610","Female","No","0","Graduate","No",2900,0,71,360,"1","Rural","Y"
"611","Male","Yes","3+","Graduate","No",4106,0,40,180,"1","Rural","Y"
"612","Male","Yes","1","Graduate","No",8072,240,253,360,"1","Urban","Y"
"613","Male","Yes","2","Graduate","No",7583,0,187,360,"1","Urban","Y"
"614","Female","No","0","Graduate","Yes",4583,0,133,360,"0","Semiurban","N"
"615","Male","Yes","0","Graduate","No",5720,0,110,360,"1","Urban","N"
"616","Male","Yes","1","Graduate","No",3076,1500,126,360,"1","Urban","N"
"617","Male","Yes","2","Graduate","No",5000,1800,208,360,"1","Urban","N"
"618","Male","Yes","2","Graduate","No",2340,2546,100,360,"1","Urban","N"
"619","Male","No","0","Not Graduate","No",3276,0,78,360,"1","Urban","N"
"620","Male","Yes","0","Not Graduate","Yes",2165,3422,152,360,"1","Urban","N"
"621","Female","No","1","Not Graduate","No",2226,0,59,360,"1","Semiurban","N"
"622","Male","Yes","2","Not Graduate","No",3881,0,147,360,"0","Rural","N"
"623","Male","Yes","2","Graduate","No",13633,0,280,240,"1","Urban","N"
"624","Male","No","0","Not Graduate","No",2400,2400,123,360,"1","Semiurban","N"
"625","Male","No","0","Not Graduate","No",3091,0,90,360,"1","Urban","N"
"626","Male","Yes","1","Graduate","No",2185,1516,162,360,"1","Semiurban","N"
"627","Male","No","3+","Graduate","No",4166,0,40,180,"1","Urban","N"
"628","Male","Yes","2","Graduate","No",12173,0,166,360,"0","Semiurban","N"
"629","Female","No","0","Graduate","No",4666,0,124,360,"1","Semiurban","N"
"630","Male","No","1","Graduate","No",5667,0,131,360,"1","Urban","N"
"631","Male","Yes","2","Graduate","No",4583,2916,200,360,"1","Urban","N"
"632","Male","Yes","3+","Graduate","No",3786,333,126,360,"1","Semiurban","N"
"633","Male","Yes","0","Graduate","No",9226,7916,300,360,"1","Urban","N"
"634","Male","No","0","Graduate","No",1300,3470,100,180,"1","Semiurban","N"
"635","Male","Yes","1","Not Graduate","No",1888,1620,48,360,"1","Urban","N"
"636","Female","No","3+","Not Graduate","No",2083,0,28,180,"1","Urban","N"
"637","Male","No","0","Graduate","No",3909,0,101,360,"1","Urban","N"
"638","Female","No","0","Not Graduate","No",3765,0,125,360,"1","Urban","N"
"639","Male","Yes","0","Graduate","No",5400,4380,290,360,"1","Urban","N"
"640","Male","No","0","Graduate","No",0,24000,148,360,"0","Rural","N"
"641","Male","Yes","2","Graduate","No",4363,1250,140,360,"1","Urban","N"
"642","Male","Yes","0","Graduate","No",7500,3750,275,360,"1","Urban","N"
"643","Male","Yes","0","Graduate","No",3772,833,57,360,"1","Semiurban","N"
"644","Male","No","0","Graduate","No",2942,2382,125,180,"1","Urban","N"
"645","Female","No","0","Not Graduate","No",2478,0,75,360,"1","Semiurban","N"
"646","Male","Yes","2","Graduate","No",6250,820,192,360,"1","Urban","N"
"647","Male","No","0","Graduate","No",3268,1683,152,360,"1","Semiurban","N"
"648","Male","Yes","0","Graduate","No",2783,2708,158,360,"1","Urban","N"
"649","Male","Yes","0","Graduate","No",2740,1541,101,360,"1","Urban","N"
"650","Male","No","0","Graduate","No",3150,0,176,360,"0","Semiurban","N"
"651","Male","Yes","2","Graduate","No",7350,4029,185,180,"1","Urban","N"
"652","Male","Yes","0","Graduate","Yes",2267,2792,90,360,"1","Urban","N"
"653","Male","No","0","Graduate","Yes",5833,0,116,360,"1","Urban","N"
"654","Male","No","0","Graduate","No",3643,1963,138,360,"1","Urban","N"
"655","Male","Yes","0","Graduate","No",5629,818,100,360,"1","Urban","N"
"656","Female","No","0","Graduate","No",3644,0,110,360,"1","Urban","N"
"657","Male","Yes","0","Not Graduate","No",1750,2024,90,360,"1","Semiurban","N"
"658","Male","No","0","Graduate","No",6500,2600,200,360,"1","Semiurban","N"
"659","Female","No","0","Graduate","No",3666,0,84,360,"1","Urban","N"
"661","Male","Yes","0","Not Graduate","No",4163,1475,162,360,"1","Urban","N"
"662","Male","No","0","Not Graduate","No",2356,1902,108,360,"1","Semiurban","N"
"664","Male","Yes","3+","Not Graduate","Yes",8000,250,187,360,"1","Semiurban","N"
"665","Male","Yes","1","Graduate","No",2419,1707,124,360,"1","Urban","N"
"666","Male","Yes","3+","Not Graduate","No",3500,833,120,360,"1","Semiurban","N"
"667","Male","Yes","1","Graduate","No",3500,3077,160,360,"1","Semiurban","N"
"668","Male","Yes","2","Graduate","No",4116,1000,30,180,"1","Urban","N"
"669","Male","Yes","0","Not Graduate","Yes",5293,0,92,360,"1","Urban","N"
"670","Male","No","0","Graduate","No",2750,0,130,360,"0","Urban","N"
"671","Female","No","0","Not Graduate","No",4402,0,130,360,"1","Rural","N"
"672","Male","Yes","2","Graduate","No",3613,3539,134,180,"1","Semiurban","N"
"673","Female","Yes","2","Graduate","No",2779,3664,176,360,"0","Semiurban","N"
"674","Male","Yes","3+","Graduate","No",4720,0,90,180,"1","Semiurban","N"
"675","Male","Yes","0","Not Graduate","No",2415,1721,110,360,"1","Semiurban","N"
"676","Male","Yes","0","Graduate","Yes",7016,292,125,360,"1","Urban","N"
"677","Female","No","2","Graduate","No",4968,0,189,360,"1","Semiurban","N"
"678","Female","No","0","Graduate","No",2101,1500,108,360,"0","Rural","N"
"679","Male","Yes","3+","Not Graduate","No",4490,0,125,360,"1","Urban","N"
"680","Male","Yes","0","Graduate","No",2917,3583,138,360,"1","Semiurban","N"
"681","Male","Yes","0","Not Graduate","No",4700,0,135,360,"0","Semiurban","N"
"682","Male","Yes","0","Graduate","No",3445,0,130,360,"0","Semiurban","N"
"683","Male","Yes","0","Graduate","No",7666,0,187,360,"1","Semiurban","N"
"684","Male","Yes","0","Graduate","No",2458,5105,188,360,"0","Rural","N"
"685","Female","No","1","Graduate","No",3250,0,95,360,"1","Semiurban","N"
"686","Male","No","0","Graduate","No",4463,0,65,360,"1","Semiurban","N"
"687","Male","Yes","1","Graduate","No",4083,1775,139,60,"1","Urban","N"
"688","Male","Yes","0","Graduate","Yes",3900,2094,232,360,"1","Rural","N"
"689","Male","Yes","0","Not Graduate","No",4750,3583,144,360,"1","Semiurban","N"
"690","Male","No","0","Graduate","No",3583,3435,155,360,"1","Urban","N"
"691","Male","Yes","0","Graduate","No",3189,2367,186,360,"1","Urban","N"
"692","Male","No","0","Graduate","Yes",6356,0,50,360,"1","Rural","N"
"693","Male","Yes","1","Graduate","No",3413,4053,170,360,"1","Semiurban","N"
"694","Female","Yes","0","Graduate","No",7950,0,185,360,"1","Urban","N"
"695","Male","Yes","3+","Graduate","No",3829,1103,163,360,"0","Urban","N"
"696","Male","Yes","3+","Graduate","No",72529,0,360,360,"1","Urban","N"
"697","Male","Yes","2","Not Graduate","No",4136,0,149,480,"0","Rural","N"
"698","Male","Yes","0","Graduate","No",8449,0,257,360,"1","Rural","N"
"699","Male","Yes","0","Graduate","No",4456,0,131,180,"0","Semiurban","N"
"700","Male","Yes","2","Graduate","No",4635,8000,102,180,"1","Rural","N"
"701","Male","Yes","0","Graduate","No",3571,1917,135,360,"1","Urban","N"
"702","Male","No","0","Graduate","No",3066,0,95,360,"1","Semiurban","N"
"703","Male","No","2","Not Graduate","No",3235,2015,77,360,"1","Semiurban","N"
"704","Female","No","0","Graduate","No",5058,0,200,360,"1","Rural","N"
"705","Male","Yes","0","Graduate","Yes",3188,2286,130,360,"1","Rural","N"
"706","Male","Yes","3+","Graduate","No",13518,0,390,360,"1","Rural","N"
"707","Male","Yes","1","Graduate","No",4364,2500,185,360,"1","Semiurban","N"
"708","Male","Yes","2","Not Graduate","No",4766,1646,100,360,"1","Semiurban","N"
"709","Male","Yes","1","Graduate","No",4609,2333,123,360,"0","Semiurban","N"
"710","Female","Yes","3+","Graduate","No",6260,0,110,360,"1","Semiurban","N"
"711","Male","Yes","1","Graduate","No",3333,4200,256,360,"1","Urban","N"
"712","Male","Yes","0","Graduate","No",3500,3250,140,360,"1","Semiurban","N"
"713","Male","Yes","3+","Graduate","No",9719,0,61,360,"1","Urban","N"
"714","Male","Yes","3+","Graduate","No",6835,0,188,360,"1","Semiurban","N"
"715","Male","No","0","Graduate","No",4452,0,131,360,"1","Rural","N"
"716","Female","Yes","0","Graduate","No",2262,0,99,480,"0","Semiurban","N"
"717","Male","Yes","1","Graduate","No",3901,0,116,360,"1","Urban","N"
"718","Male","Yes","2","Not Graduate","No",2687,0,50,180,"1","Rural","N"
"719","Male","No","0","Graduate","No",2243,2233,107,360,"1","Semiurban","N"
"720","Female","Yes","0","Graduate","No",3417,1287,200,360,"1","Semiurban","N"
"721","Male","No","0","Graduate","No",1596,1760,119,360,"0","Urban","N"
"722","Male","Yes","3+","Graduate","No",4513,0,120,360,"1","Rural","N"
"723","Male","Yes","0","Graduate","No",4500,0,140,360,"1","Semiurban","N"
"724","Male","Yes","0","Not Graduate","No",4523,1350,165,360,"1","Urban","N"
"725","Female","No","0","Graduate","Yes",4742,0,108,360,"1","Semiurban","N"
"726","Male","Yes","0","Graduate","No",4082,0,93,360,"1","Semiurban","N"
"727","Female","No","0","Graduate","No",3417,0,102,360,"1","Urban","N"
"728","Female","Yes","2","Graduate","No",2922,3396,122,360,"1","Semiurban","N"
"729","Male","Yes","0","Graduate","No",4167,4754,160,360,"1","Rural","N"
"730","Male","No","3+","Graduate","No",4243,4123,157,360,"1","Semiurban","N"
"731","Female","No","0","Not Graduate","No",0,1760,180,360,"1","Semiurban","N"
"733","Female","No","0","Graduate","No",1762,2666,104,360,"0","Urban","N"
"734","Male","Yes","2","Graduate","No",724,3510,213,360,"0","Rural","N"
"735","Male","No","0","Graduate","No",3125,0,65,360,"1","Urban","N"
"736","Male","Yes","0","Graduate","No",2333,3803,146,360,"1","Rural","N"
"737","Male","Yes","3+","Graduate","No",3350,1560,135,360,"1","Urban","N"
"738","Male","No","0","Graduate","No",2500,6414,187,360,"0","Rural","N"
"739","Female","No","0","Graduate","No",12500,0,300,360,"0","Urban","N"
"740","Male","No","0","Graduate","No",4667,0,120,360,"1","Semiurban","N"
"741","Male","No","0","Graduate","No",6500,0,71,360,"0","Urban","N"
"742","Male","Yes","2","Graduate","No",7500,0,225,360,"1","Urban","N"
"743","Male","No","0","Graduate","No",3073,0,70,180,"1","Urban","N"
"745","Male","Yes","0","Graduate","No",3333,1270,124,360,"1","Urban","N"
"746","Male","No","0","Graduate","No",3391,0,132,360,"1","Rural","N"
"747","Male","Yes","1","Graduate","Yes",3343,1517,105,360,"1","Rural","N"
"748","Female","No","1","Graduate","No",3620,0,90,360,"1","Urban","N"
"749","Male","No","0","Graduate","No",4000,0,83,84,"1","Urban","N"
"750","Male","Yes","0","Graduate","No",4258,0,125,360,"1","Urban","N"
"751","Male","Yes","2","Graduate","No",4500,0,147,360,"1","Rural","N"
"752","Male","Yes","1","Graduate","No",2014,2925,120,360,"1","Rural","N"
"753","Male","No","0","Graduate","No",3333,1250,110,360,"1","Semiurban","N"
"754","Female","No","3+","Graduate","No",4083,0,103,360,"0","Semiurban","N"
"755","Male","No","0","Graduate","No",4727,0,150,360,"0","Rural","N"
"756","Male","Yes","3+","Graduate","No",3089,2999,100,240,"1","Rural","N"
"757","Male","Yes","3+","Not Graduate","No",6794,528,139,360,"0","Urban","N"
"758","Male","Yes","0","Graduate","Yes",32000,0,550,360,"1","Semiurban","N"
"759","Male","Yes","2","Graduate","Yes",10890,0,260,12,"1","Rural","N"
"760","Female","No","0","Graduate","No",12941,0,150,300,"1","Urban","N"
"761","Male","No","0","Not Graduate","No",3276,0,90,360,"1","Semiurban","N"
"762","Male","No","0","Not Graduate","Yes",8703,0,199,360,"0","Rural","N"
"763","Male","Yes","1","Graduate","No",4742,717,139,360,"1","Semiurban","N"
"764","Male","No","0","Graduate","No",5900,0,150,360,"1","Urban","N"
"765","Male","No","0","Graduate","No",3071,4309,180,360,"1","Urban","N"
"766","Male","Yes","0","Graduate","No",2783,1456,113,360,"1","Urban","N"
"767","Male","No","0","Graduate","No",5000,0,148,360,"1","Rural","N"
"768","Male","Yes","1","Not Graduate","No",2463,2360,117,360,"0","Urban","N"
"769","Male","Yes","2","Graduate","No",4855,0,72,360,"1","Rural","N"
"770","Male","No","0","Not Graduate","Yes",1599,2474,125,300,"1","Semiurban","N"
"771","Male","Yes","2","Graduate","Yes",4246,4246,214,360,"1","Urban","N"
"772","Male","Yes","0","Graduate","No",4333,2291,133,350,"1","Rural","N"
"773","Male","No","1","Graduate","No",5823,2529,187,360,"1","Semiurban","N"
"774","Male","Yes","0","Not Graduate","No",7895,0,143,360,"1","Rural","N"
"775","Male","No","0","Graduate","No",4150,4256,209,360,"1","Rural","N"
"776","Male","No","0","Graduate","No",2964,0,84,360,"0","Semiurban","N"
"777","Male","No","0","Graduate","No",5583,0,116,360,"1","Urban","N"
"778","Female","No","0","Graduate","No",2708,0,65,360,"1","Rural","N"
"779","Male","No","1","Graduate","No",3180,2370,80,240,"1","Rural","N"
"780","Male","No","0","Not Graduate","No",2268,0,170,360,"0","Semiurban","N"
"781","Male","No","2","Not Graduate","No",1141,2017,120,360,"0","Urban","N"
"782","Male","Yes","0","Graduate","No",3042,3167,135,360,"1","Urban","N"
"783","Female","Yes","3+","Graduate","No",1750,2935,94,360,"0","Semiurban","N"
"784","Female","Yes","1","Graduate","No",3564,0,79,360,"1","Rural","N"
"785","Female","No","0","Graduate","No",3958,0,110,360,"1","Rural","N"
"786","Male","Yes","2","Not Graduate","No",4483,0,130,360,"1","Rural","N"
"787","Male","Yes","0","Graduate","No",5225,0,143,360,"1","Rural","N"
"788","Male","No","0","Graduate","No",3017,2845,159,180,"0","Urban","N"
"789","Male","Yes","0","Not Graduate","No",2431,1820,110,360,"0","Rural","N"
"790","Male","Yes","2","Graduate","No",4912,4614,160,360,"1","Rural","N"
"791","Male","Yes","2","Not Graduate","No",2500,3333,131,360,"1","Urban","N"
"792","Female","No","0","Graduate","No",2918,0,65,360,"1","Rural","N"
"793","Male","Yes","2","Graduate","No",5128,0,143,360,"1","Rural","N"
"794","Male","Yes","3+","Graduate","No",15312,0,187,360,"1","Urban","N"
"795","Male","Yes","2","Graduate","No",3958,2632,160,360,"1","Semiurban","N"
"796","Male","Yes","0","Graduate","No",4334,2945,165,360,"1","Semiurban","N"
"797","Male","Yes","2","Graduate","No",4358,0,110,360,"1","Urban","N"
"798","Female","Yes","1","Graduate","No",4000,3917,173,360,"1","Rural","N"
"800","Male","Yes","0","Not Graduate","No",4483,0,135,360,"0","Semiurban","N"
"801","Male","Yes","2","Not Graduate","No",4521,1184,150,360,"1","Semiurban","N"
"802","Male","Yes","2","Graduate","No",9167,0,235,360,"1","Semiurban","N"
"803","Male","Yes","0","Not Graduate","No",13083,0,133,360,"1","Rural","N"
"804","Male","Yes","2","Graduate","No",7874,3967,336,360,"1","Rural","N"
"805","Female","Yes","1","Graduate","No",4333,0,132,84,"1","Rural","N"
"806","Male","No","0","Graduate","No",4083,0,96,360,"1","Urban","N"
"807","Male","Yes","2","Not Graduate","No",3785,2912,180,360,"0","Rural","N"
"808","Male","Yes","3+","Not Graduate","No",2654,1998,128,360,"0","Rural","N"
"809","Male","Yes","1","Graduate","No",10000,2690,412,360,"1","Semiurban","N"
"810","Male","No","0","Graduate","Yes",5833,0,116,360,"1","Urban","N"
"811","Male","Yes","1","Graduate","No",4796,0,114,360,"0","Semiurban","N"
"812","Male","Yes","0","Not Graduate","No",2000,1600,115,360,"1","Rural","N"
"813","Male","Yes","2","Graduate","No",2540,700,104,360,"0","Urban","N"
"814","Male","Yes","0","Graduate","Yes",1900,1442,88,360,"1","Rural","N"
"815","Male","Yes","0","Graduate","Yes",8706,0,108,480,"1","Rural","N"
"816","Male","Yes","3+","Not Graduate","No",2855,542,90,360,"1","Urban","N"
"817","Male","Yes","0","Graduate","No",3016,1300,100,360,"1","Urban","N"
"818","Female","Yes","0","Graduate","No",3159,2374,108,360,"1","Semiurban","N"
"819","Female","No","0","Graduate","No",1937,1152,78,360,"1","Semiurban","N"
"820","Male","Yes","0","Graduate","No",2613,2417,123,360,"1","Semiurban","N"
"821","Male","Yes","1","Graduate","No",4960,2600,187,360,"1","Semiurban","N"
"822","Male","Yes","1","Graduate","No",3074,1083,146,360,"1","Semiurban","N"
"823","Female","No","0","Graduate","No",4213,0,80,360,"1","Urban","N"
"824","Male","No","1","Not Graduate","No",2038,4027,100,360,"1","Rural","N"
"825","Female","No","0","Graduate","No",2362,0,55,360,"1","Urban","N"
"826","Male","No","0","Graduate","No",5333,2400,200,360,"0","Rural","N"
"827","Male","Yes","3+","Graduate","Yes",5384,0,150,360,"1","Semiurban","N"
"828","Male","No","0","Graduate","No",5708,0,150,360,"1","Rural","N"
"830","Male","Yes","0","Not Graduate","No",2914,2130,150,300,"1","Urban","N"
"831","Male","Yes","0","Not Graduate","No",2747,2458,118,36,"1","Semiurban","N"
"832","Male","Yes","0","Graduate","No",7830,2183,212,360,"1","Rural","N"
"833","Male","Yes","1","Graduate","Yes",3507,3148,212,360,"1","Rural","N"
"834","Male","Yes","1","Graduate","No",3747,2139,125,360,"1","Urban","N"
"835","Male","Yes","0","Graduate","No",2166,2166,108,360,"1","Urban","N"
"836","Male","Yes","0","Not Graduate","No",3500,2168,149,360,"1","Rural","N"
"837","Male","Yes","2","Not Graduate","No",2896,0,80,480,"1","Urban","N"
"838","Female","No","1","Graduate","No",5062,0,152,300,"1","Rural","N"
"839","Female","No","2","Graduate","Yes",5184,0,187,360,"0","Semiurban","N"
"840","Female","No","0","Graduate","No",2545,0,74,360,"1","Urban","N"
"841","Male","Yes","0","Graduate","No",2553,1768,102,360,"1","Urban","N"
"842","Male","Yes","1","Graduate","No",3436,3809,100,360,"1","Rural","N"
"843","Male","No","0","Graduate","No",2412,2755,130,360,"1","Rural","N"
"844","Male","Yes","3+","Not Graduate","No",5180,0,125,360,"0","Urban","N"
"845","Male","No","0","Graduate","No",14911,14507,130,360,"1","Semiurban","N"
"846","Male","No","0","Graduate","Yes",2860,2988,138,360,"1","Urban","N"
"847","Male","Yes","0","Graduate","No",1173,1594,28,180,"1","Rural","N"
"848","Female","No","1","Graduate","No",7600,0,92,360,"1","Semiurban","N"
"849","Female","Yes","0","Graduate","No",2157,1788,104,360,"1","Urban","N"
"850","Male","No","0","Graduate","No",2231,2774,176,360,"0","Urban","N"
"851","Female","No","0","Graduate","No",2274,5211,117,360,"0","Semiurban","N"
"852","Male","Yes","2","Not Graduate","No",6166,13983,102,360,"1","Rural","N"
"853","Male","Yes","2","Not Graduate","No",2513,1110,107,360,"1","Semiurban","N"
"854","Male","No","0","Graduate","No",4333,0,66,480,"1","Urban","N"
"855","Male","No","0","Not Graduate","No",3844,0,105,360,"1","Urban","N"
"856","Male","Yes","0","Graduate","No",3887,1517,105,360,"0","Semiurban","N"
"857","Male","Yes","0","Graduate","No",3510,828,105,360,"1","Semiurban","N"
"858","Male","Yes","0","Graduate","No",2539,1704,125,360,"0","Rural","N"
"859","Female","No","0","Not Graduate","No",2107,0,64,360,"1","Semiurban","N"
"860","Male","Yes","0","Graduate","No",3186,3145,150,180,"0","Semiurban","N"
"861","Male","Yes","2","Graduate","Yes",5000,2166,150,360,"1","Urban","N"
"862","Male","Yes","2","Graduate","No",10000,0,125,360,"1","Urban","N"
"863","Male","Yes","0","Not Graduate","Yes",3943,0,64,360,"1","Semiurban","N"
"864","Male","No","0","Graduate","No",2925,0,40,180,"1","Rural","N"
"865","Male","Yes","3+","Graduate","No",3242,437,142,480,"0","Urban","N"
"866","Male","Yes","0","Graduate","No",3863,0,70,300,"1","Semiurban","N"
"867","Female","No","1","Graduate","No",4028,0,131,360,"1","Semiurban","N"
"868","Male","Yes","2","Graduate","No",4010,1025,120,360,"1","Urban","N"
"869","Female","Yes","1","Graduate","No",3719,1585,114,360,"1","Urban","N"
"870","Male","No","0","Graduate","No",2858,0,123,360,"0","Rural","N"
"871","Female","Yes","0","Graduate","No",3833,0,92,360,"1","Rural","N"
"872","Male","Yes","0","Graduate","No",3333,4288,160,360,"1","Urban","N"
"873","Male","Yes","0","Graduate","No",3007,3725,151,360,"1","Rural","N"
"874","Female","No","1","Graduate","No",1850,4583,81,360,"1","Rural","N"
"875","Male","Yes","3+","Not Graduate","No",2792,2619,171,360,"1","Semiurban","N"
"876","Male","Yes","0","Graduate","No",2982,1550,110,360,"1","Semiurban","N"
"877","Male","No","0","Graduate","No",3417,738,100,360,"1","Rural","N"
"878","Male","Yes","1","Graduate","No",18840,0,234,360,"1","Rural","N"
"879","Male","Yes","2","Graduate","No",2995,1120,184,360,"1","Rural","N"
"880","Male","No","0","Graduate","No",3579,3308,138,360,"1","Semiurban","N"
"881","Female","Yes","1","Not Graduate","No",3835,1400,112,480,"0","Urban","N"
"882","Female","No","1","Not Graduate","No",3854,3575,117,360,"1","Rural","N"
"883","Male","Yes","2","Graduate","No",5833,750,49,360,"0","Rural","N"
"884","Male","No","0","Graduate","No",3508,0,99,360,"1","Rural","N"
"885","Female","Yes","3+","Not Graduate","No",1635,2444,99,360,"1","Urban","N"
"886","Female","No","0","Graduate","Yes",3333,3916,212,360,"1","Rural","N"
"887","Male","No","1","Graduate","No",24797,0,240,360,"1","Semiurban","N"
"888","Male","Yes","2","Graduate","No",5667,440,130,360,"0","Semiurban","N"
"889","Female","No","0","Graduate","No",3500,0,94,360,"0","Semiurban","N"
"890","Male","Yes","3+","Graduate","No",2773,1497,108,360,"1","Semiurban","N"
"891","Male","Yes","0","Graduate","No",6500,0,144,360,"1","Urban","N"
"892","Female","No","0","Graduate","No",5769,0,110,180,"1","Semiurban","N"
"893","Male","Yes","3+","Not Graduate","No",3634,910,176,360,"0","Semiurban","N"
"894","Male","No","0","Graduate","No",29167,0,185,360,"1","Semiurban","N"
"895","Male","No","0","Graduate","No",2166,2057,122,360,"1","Semiurban","N"
"896","Male","Yes","0","Graduate","No",5000,0,126,360,"1","Rural","N"
"897","Female","No","0","Graduate","No",5530,0,135,360,"1","Urban","N"
"898","Male","No","0","Not Graduate","No",9000,0,122,360,"1","Rural","N"
"899","Female","Yes","2","Graduate","No",10000,11666,460,360,"1","Urban","N"
"900","Male","Yes","1","Graduate","No",8750,0,297,360,"1","Urban","N"
"901","Male","Yes","0","Not Graduate","No",2157,2730,140,360,"1","Rural","N"
"902","Male","No","0","Graduate","No",1972,4347,106,360,"1","Rural","N"
"903","Male","No","0","Graduate","No",4983,0,141,360,"1","Urban","N"
"904","Male","Yes","1","Graduate","No",8333,4000,125,360,"1","Urban","N"
"905","Male","Yes","0","Graduate","No",3667,2000,170,360,"1","Semiurban","N"
"906","Male","Yes","2","Graduate","No",3166,2833,145,360,"1","Urban","N"
"907","Male","No","0","Not Graduate","No",3271,0,90,360,"1","Rural","N"
"908","Female","Yes","0","Graduate","No",2241,2000,88,360,"0","Urban","N"
"909","Male","Yes","1","Not Graduate","No",1792,2565,128,360,"1","Urban","N"
"910","Female","Yes","0","Graduate","No",2666,0,84,480,"1","Semiurban","N"
"911","Male","No","0","Graduate","No",6478,0,108,360,"1","Semiurban","N"
"912","Male","No","0","Not Graduate","No",3808,0,83,360,"1","Rural","N"
"913","Female","Yes","2","Not Graduate","No",3729,0,117,360,"1","Semiurban","N"
"914","Male","Yes","2","Graduate","No",4120,0,128,360,"1","Rural","N"
"915","Male","Yes","1","Graduate","Yes",7500,0,75,360,"1","Urban","N"
"916","Male","Yes","1","Graduate","No",6300,0,125,360,"0","Urban","N"
"917","Female","No","0","Graduate","Yes",14987,0,177,360,"1","Rural","N"
"918","Male","Yes","1","Not Graduate","Yes",570,2125,68,360,"1","Rural","N"
"919","Male","Yes","0","Graduate","No",2600,700,96,360,"1","Semiurban","N"
"920","Male","No","2","Not Graduate","No",2733,1083,180,360,"1","Semiurban","N"
"921","Male","Yes","2","Graduate","Yes",7500,0,183,360,"1","Rural","N"
"922","Male","Yes","2","Not Graduate","No",3859,0,121,360,"1","Rural","N"
"923","Male","Yes","1","Graduate","No",6825,0,162,360,"1","Rural","N"
"924","Male","Yes","0","Graduate","No",3708,4700,132,360,"1","Semiurban","N"
"925","Male","No","0","Graduate","No",5314,0,147,360,"1","Urban","N"
"926","Female","No","3+","Graduate","No",2366,5272,153,360,"0","Rural","N"
"927","Male","No","0","Graduate","No",2066,2108,104,84,"1","Urban","N"
"928","Male","Yes","2","Graduate","No",5000,0,149,360,"1","Rural","N"
"929","Female","No","0","Graduate","No",3767,0,134,300,"1","Urban","N"
"930","Female","Yes","0","Graduate","No",7859,879,165,180,"1","Semiurban","N"
"931","Female","Yes","0","Graduate","No",4283,0,120,360,"1","Rural","N"
"932","Male","Yes","0","Not Graduate","No",1700,2900,67,360,"0","Urban","N"
"933","Male","No","0","Not Graduate","No",4768,0,125,360,"1","Rural","N"
"934","Male","No","0","Graduate","No",3083,2738,120,360,"1","Urban","N"
"935","Male","Yes","1","Graduate","No",2667,1542,148,360,"1","Rural","N"
"936","Female","Yes","0","Not Graduate","No",1647,1762,181,360,"1","Urban","N"
"937","Male","Yes","3+","Graduate","No",3400,0,80,120,"1","Urban","N"
"938","Male","No","1","Graduate","No",16000,5000,40,360,"1","Semiurban","N"
"939","Male","Yes","0","Graduate","No",5333,0,90,360,"1","Rural","N"
"940","Male","No","0","Graduate","No",2875,2416,95,6,"0","Semiurban","N"
"941","Male","Yes","1","Not Graduate","No",2600,618,122,360,"1","Semiurban","N"
"942","Male","Yes","2","Graduate","No",5041,700,150,360,"1","Urban","N"
"943","Male","Yes","3+","Graduate","Yes",6958,1411,150,360,"1","Rural","N"
"944","Male","Yes","1","Graduate","No",3500,1658,104,360,"0","Semiurban","N"
"945","Male","Yes","0","Graduate","No",5509,0,143,360,"1","Rural","N"
"946","Male","Yes","3+","Graduate","No",9699,0,300,360,"1","Urban","N"
"947","Female","Yes","1","Not Graduate","No",3621,2717,171,360,"1","Urban","N"
"948","Female","Yes","0","Graduate","No",4709,0,113,360,"1","Semiurban","N"
"949","Male","Yes","0","Graduate","No",1516,1951,35,360,"1","Semiurban","N"
"950","Male","No","2","Graduate","No",2400,0,46,360,"1","Urban","N"
"951","Female","No","0","Not Graduate","No",3015,2000,145,360,"1","Urban","N"
"952","Male","Yes","0","Graduate","No",2292,1558,119,360,"1","Urban","N"
"953","Male","Yes","1","Graduate","Yes",2360,3355,87,240,"1","Rural","N"
"954","Female","No","0","Graduate","No",4333,2333,162,360,"0","Rural","N"
"955","Male","Yes","0","Graduate","Yes",2623,4831,122,180,"1","Semiurban","N"
"956","Male","No","0","Graduate","Yes",3972,4275,187,360,"1","Rural","N"
"957","Male","Yes","3+","Not Graduate","No",3522,0,81,180,"1","Rural","N"
"958","Male","Yes","1","Graduate","No",4700,0,80,360,"1","Urban","N"
"959","Male","No","0","Graduate","No",6858,0,176,360,"1","Rural","N"
"960","Male","Yes","3+","Graduate","No",8334,0,260,360,"1","Urban","N"
"961","Male","Yes","0","Graduate","No",3391,1966,133,360,"0","Rural","N"
"962","Male","No","0","Not Graduate","No",2868,0,70,360,"1","Urban","N"
"963","Male","Yes","2","Not Graduate","No",3418,1380,135,360,"1","Urban","N"
"964","Male","Yes","0","Graduate","Yes",2500,296,137,300,"1","Rural","N"
"965","Male","Yes","2","Graduate","No",8667,0,254,360,"1","Rural","N"
"966","Male","No","0","Graduate","No",2283,15000,106,360,"1","Rural","N"
"967","Male","Yes","0","Graduate","No",5817,910,109,360,"1","Urban","N"
"968","Male","Yes","0","Graduate","No",5119,3769,120,360,"1","Rural","N"
"969","Male","Yes","3+","Not Graduate","No",5316,187,158,180,"0","Semiurban","N"
"970","Male","Yes","3+","Graduate","No",7603,1213,197,360,"1","Urban","N"
"971","Male","Yes","1","Graduate","No",3791,1936,85,360,"1","Urban","N"
"972","Male","No","0","Graduate","No",2500,0,60,360,"1","Urban","N"
"973","Male","Yes","2","Not Graduate","No",3132,0,76,360,"1","Rural","N"
"974","Male","No","0","Graduate","No",4000,2667,152,360,"1","Semiurban","N"
"975","Female","Yes","0","Graduate","No",8550,4255,96,360,"1","Urban","N"
"976","Male","Yes","1","Graduate","No",2269,2167,99,360,"1","Semiurban","N"
"977","Male","Yes","3+","Not Graduate","Yes",4009,1777,113,360,"1","Urban","N"
"978","Male","Yes","0","Graduate","No",4158,709,115,360,"1","Urban","N"
"979","Male","No","0","Graduate","No",3250,1993,126,360,"1","Semiurban","N"
"980","Male","Yes","0","Graduate","No",5000,2393,158,360,"1","Rural","N"
"981","Male","No","0","Graduate","Yes",9200,0,98,180,"1","Rural","N"
